[
    {
        "id":1,
        "title": "Learn More about NFT",
        "description": "",
        "date":"Jan 20 2022",
        "author":"Jhon doe",
        "image":"assets/images/nft-item/blog/01.jpg"
    },
    {
        "id":2,
        "title": "Trending NFT 2022",
        "description": "",
        "date":"Jan 20 2022",
        "author":"technonazmul",
        "image":"assets/images/nft-item/blog/02.jpg"
    },
    {
        "id":3,
        "title": "Decentrelize Crypto ...",
        "description": "",
        "date":"Jan 20 2022",
        "author":"rasselmrh",
        "image":"assets/images/nft-item/blog/03.jpg"
    }
]