[
    {
        "id": 1,
        "image": "assets/images/nft-item/category/01.gif",
        "alt": "banner-item Image"
       
    },
    {
        "id": 2,
        "image": "assets/images/nft-item/category/1.jpg",
        "alt": "banner-item Image"
       
    },
    {
        "id": 3,
        "image": "assets/images/nft-item/category/2.jpg",
        "alt": "banner-item Image"
       
    },
    {
        "id": 4,
        "image": "assets/images/nft-item/category/02.gif",
        "alt": "banner-item Image"
       
    },
    {
        "id": 5,
        "image": "assets/images/nft-item/category/3.jpg",
        "alt": "banner-item Image"
       
    },
    {
        "id": 6,
        "image": "assets/images/nft-item/category/05.gif",
        "alt": "banner-item Image"
       
    },
    {
        "id": 7,
        "image": "assets/images/nft-item/category/5.jpg",
        "alt": "banner-item Image"
       
    },
    {
        "id": 8,
        "image": "assets/images/nft-item/category/1.jpg",
        "alt": "banner-item Image"
       
    },
    {
        "id": 9,
        "image": "assets/images/nft-item/category/6.jpg",
        "alt": "banner-item Image"
       
    },
    {
        "id": 10,
        "image": "assets/images/nft-item/category/4.jpg",
        "alt": "banner-item Image"
       
    },
    {
        "id": 11,
        "image": "assets/images/nft-item/category/03.gif",
        "alt": "banner-item Image"
       
    },
    {
        "id": 12,
        "image": "assets/images/nft-item/category/7.jpg",
        "alt": "banner-item Image"
       
    }

    ,
    {
        "id": 13,
        "image": "assets/images/nft-item/category/01.gif",
        "alt": "banner-item Image"
       
    },
    {
        "id": 14,
        "image": "assets/images/nft-item/category/1.jpg",
        "alt": "banner-item Image"
       
    },
    {
        "id": 15,
        "image": "assets/images/nft-item/category/2.jpg",
        "alt": "banner-item Image"
       
    },
    {
        "id": 16,
        "image": "assets/images/nft-item/category/02.gif",
        "alt": "banner-item Image"
       
    },
    {
        "id": 17,
        "image": "assets/images/nft-item/category/3.jpg",
        "alt": "banner-item Image"
       
    },
    {
        "id": 18,
        "image": "assets/images/nft-item/category/02.gif",
        "alt": "banner-item Image"
       
    },
    {
        "id": 19,
        "image": "assets/images/nft-item/category/7.jpg",
        "alt": "banner-item Image"
       
    },
    {
        "id": 20,
        "image": "assets/images/nft-item/category/2.jpg",
        "alt": "banner-item Image"
       
    },
    {
        "id": 21,
        "image": "assets/images/nft-item/category/6.jpg",
        "alt": "banner-item Image"
       
    },
    {
        "id": 22,
        "image": "assets/images/nft-item/category/4.jpg",
        "alt": "banner-item Image"
       
    },
    {
        "id": 23,
        "image": "assets/images/nft-item/category/03.gif",
        "alt": "banner-item Image"
       
    },
    {
        "id": 24,
        "image": "assets/images/nft-item/category/9.jpg",
        "alt": "banner-item Image"
       
    }
    
    
]